{
  "schema_version": 1,
  "quilt_loader": {
    "group": "${group}",
    "id": "examplemod",
    "version": "${version}",
    "metadata": {
      "name": "Example Mod",
      "description": "This is an example description! Tell everyone what your mod is about!",
      "contributors": {
        "Me!": "Owner"
      },
      "contact": {
        "sources": "https://github.com/architectury/architectury-templates"
      },
      "icon": "assets/examplemod/icon.png"
    },
    "intermediate_mappings": "net.fabricmc:intermediary",
    "entrypoints": {
      "init": [
        "net.examplemod.quilt.ExampleModQuilt"
      ]
    },
    "depends": [
      {
        "id": "quilt_loader",
        "version": "*"
      },
      {
        "id": "quilt_base",
        "version": "*"
      },
      {
        "id": "minecraft",
        "version": ">=1.18.2"
      },
      {
        "id": "architectury",
        "version": ">=4.11.93"
      }
    ]
  },
  "minecraft": {
    "environment": "*"
  }
}