{
  "schemaVersion": 1,
  "id": "examplemod",
  "version": "${version}",
  "name": "Example Mod",
  "description": "This is an example description! Tell everyone what your mod is about!",
  "authors": [
    "Me!"
  ],
  "contact": {
    "homepage": "https://fabricmc.net/",
    "sources": "https://github.com/FabricMC/fabric-example-mod"
  },
  "license": "Insert License Here",
  "icon": "assets/examplemod/icon.png",
  "environment": "*",
  "entrypoints": {
    "main": [
      "net.examplemod.fabric.ExampleModFabric"
    ]
  },
  "depends": {
    "fabric": "*",
    "minecraft": ">=1.18.2",
    "architectury": ">=4.11.93"
  }
}